15,__init__.py
2504,build_method_inventory.py
5007,build_server_script_inventory.py
11139,build_summary_metrics_csv.py
9597,build_unified_report.py
4281,composite_figure.py
6346,consolidate_results_with_metadata.py
2811,consolidate_weight_search_results.py
5518,generate_acl_figure.py
1895,launch_bart.sh
5094,migrate_assets.py
8067,pick_fact_anchor.py
18216,plot_results_by_objective.py
10746,plot_tri_metric_pareto.py
408,queue_after_baseline_raw.sh
6052,render_results_tables.py
425,results/acl_final_metrics_comparison.csv
3346,results/beam5_8_10_trimetric_required_weights.csv
3944,results/beam5_8_10_weights_annotated.csv
479,results/beam8_bart_baseline_comparison.csv
1929,results/beam8_results_summary.csv
288,results/beam8_time_breakdown.csv
2139,results/fulltest_summary.csv
1474,results/paper_comparison_baselines_plus_beam8.csv
1881,results/summary_baseline_beam5_beam10.csv
2188,results/summary_metrics_hfrouge.csv
916,results/tri_metric_final_method_settings.csv
2195,results/tri_metric_grid_search_dpp_light_validation_n50.csv
752,results/tri_metric_selected_method_specific_coverage_faith_redundancy.csv
1756,results/tri_metric_selected_weight_coverage_faith_redundancy.csv
818,results/tri_metric_weight_search_summary.csv
250,results/weight_optimization_consolidated.csv
9933,resumable_sftp_upload.py
5609,resume_eval_from_progress.py
343,run.py
496,run_all.sh
7882,run_bart_beam10_timed_baseline_combo.sh
7323,run_bart_beam5_timed_selectors.sh
6611,run_bart_beam8_beam10_after_baselines.sh
7079,run_bart_fulltest_low_tune.sh
335,run_bart_fulltest_mmr_0p5.sh
839,run_bart_gb10.sh
1046,run_baseline_raw_beam4_rerun.sh
822,run_baseline_raw_fullfact.sh
1038,run_chain_20260416.sh
1074,run_extra_weight_sweeps.sh
145,run_factedit_unified.sh
2239,run_ilp_softilp_per_edge_after_queue.sh
3897,run_ilp_threshold_sweep.sh
2110,run_lns_softlns_per_edge_after_queue.sh
2879,run_one_tri_metric.sh
2841,run_persistent.sh
2352,run_simcls_train.sh
1480,run_tri_metric_dpp_light.sh
12617,run_tri_metric_grid.py
163,run_tri_metric_grid.sh
1521,run_tri_metric_ilp_redundancy_10pt.sh
1521,run_tri_metric_lns_redundancy_10pt.sh
4067,run_tri_metric_mbr_focus.sh
984,run_tri_metric_mbr_focus_center0p3.sh
1521,run_tri_metric_mbr_redundancy_10pt.sh
3403,run_tri_metric_mmr_focus.sh
1521,run_tri_metric_mmr_redundancy_10pt.sh
5776,run_tri_metric_representative.sh
2531,run_unified_eval.py
7353,select_shared_tri_metric_weight.py
11176,select_tri_metric_weight.py
282,start_bart_fulltest_low_tune.sh
280,start_bart_fulltest_mmr_0p5.sh
280,start_baseline_raw_fullfact.sh
276,start_ilp_threshold_sweep.sh
271,start_tri_metric_dpp_light.sh
291,start_tri_metric_ilp_redundancy_10pt.sh
291,start_tri_metric_lns_redundancy_10pt.sh
279,start_tri_metric_mbr_focus.sh
285,start_tri_metric_mbr_focus_center0p3.sh
291,start_tri_metric_mbr_redundancy_10pt.sh
279,start_tri_metric_mmr_focus.sh
291,start_tri_metric_mmr_redundancy_10pt.sh
283,start_tri_metric_representative.sh
821,test_dpp.py
136,tri_metric_dpp_light_weights.csv
200,tri_metric_ilp_dense_weights.csv
200,tri_metric_ilp_redundancy_weights_10pt.csv
200,tri_metric_lns_redundancy_weights_10pt.csv
88,tri_metric_mbr_focus_weights_center0p3.csv
120,tri_metric_mbr_focus_weights_step0p1.csv
200,tri_metric_mbr_redundancy_weights_10pt.csv
72,tri_metric_mmr_focus_gap_weights.csv
184,tri_metric_mmr_focus_weights_step0p1.csv
200,tri_metric_mmr_redundancy_weights_10pt.csv
30457,unified_eval_common.py
7482,unified_method_metadata.json
